{"cameraMode":{"drawMode":0,"name":"Shaded","section":"Shading Mode"},"sceneLighting":true,"audioPlay":false,"sceneViewState":{"m_AlwaysRefresh":false,"showFog":true,"showSkybox":true,"showFlares":true,"showImageEffects":true,"showParticleSystems":true,"showVisualEffectGraphs":true,"m_FxEnabled":true},"in2DMode":false,"pivot":{"x":-2.7077746391296388,"y":3.8481197357177736,"z":-2.8429789543151857},"rotation":{"x":0.38318878412246706,"y":-0.0037824283353984358,"z":0.0017383773811161519,"w":0.9242879152297974},"size":9.541593551635743,"orthographic":true}