{"cameraMode":{"drawMode":0,"name":"Shaded","section":"Shading Mode"},"sceneLighting":true,"audioPlay":false,"sceneViewState":{"m_AlwaysRefresh":false,"showFog":true,"showSkybox":true,"showFlares":true,"showImageEffects":true,"showParticleSystems":true,"showVisualEffectGraphs":true,"m_FxEnabled":true},"in2DMode":false,"pivot":{"x":-5.521002292633057,"y":2.912679433822632,"z":1.031749963760376},"rotation":{"x":0.0030619034077972175,"y":-0.8536198735237122,"z":0.5221942067146301,"w":0.004546443931758404},"size":7.514468193054199,"orthographic":true}