{"cameraMode":{"drawMode":0,"name":"Shaded","section":"Shading Mode"},"sceneLighting":true,"audioPlay":false,"sceneViewState":{"m_AlwaysRefresh":false,"showFog":true,"showSkybox":true,"showFlares":true,"showImageEffects":true,"showParticleSystems":true,"showVisualEffectGraphs":true,"m_FxEnabled":true},"in2DMode":false,"pivot":{"x":7.959554672241211,"y":-0.0898061990737915,"z":1.3656059503555298},"rotation":{"x":0.42020073533058169,"y":-0.008412116207182408,"z":0.003908525221049786,"w":0.9078058004379273},"size":3.70141863822937,"orthographic":true}