{"cameraMode":{"drawMode":0,"name":"Shaded","section":"Shading Mode"},"sceneLighting":true,"audioPlay":false,"sceneViewState":{"m_AlwaysRefresh":false,"showFog":true,"showSkybox":true,"showFlares":true,"showImageEffects":true,"showParticleSystems":true,"showVisualEffectGraphs":true,"m_FxEnabled":true},"in2DMode":false,"pivot":{"x":-9.315153121948243,"y":12.177835464477539,"z":-13.196721076965332},"rotation":{"x":-0.32325711846351626,"y":-0.11208284646272659,"z":0.03869543597102165,"w":-0.9391627311706543},"size":9.535118103027344,"orthographic":true}