{"cameraMode":{"drawMode":0,"name":"Shaded","section":"Shading Mode"},"sceneLighting":true,"audioPlay":false,"sceneViewState":{"m_AlwaysRefresh":false,"showFog":true,"showSkybox":true,"showFlares":true,"showImageEffects":true,"showParticleSystems":true,"showVisualEffectGraphs":true,"m_FxEnabled":true},"in2DMode":false,"pivot":{"x":932.1979370117188,"y":569.6015014648438,"z":-82.0050048828125},"rotation":{"x":0.22613868117332459,"y":-0.015696341171860696,"z":0.0038683819584548475,"w":0.9745610356330872},"size":829.2216186523438,"orthographic":true}