{"cameraMode":{"drawMode":0,"name":"Shaded","section":"Shading Mode"},"sceneLighting":true,"audioPlay":false,"sceneViewState":{"m_AlwaysRefresh":false,"showFog":true,"showSkybox":true,"showFlares":true,"showImageEffects":true,"showParticleSystems":true,"showVisualEffectGraphs":true,"m_FxEnabled":true},"in2DMode":false,"pivot":{"x":-1.1346653699874879,"y":-0.8452334403991699,"z":0.9719164371490479},"rotation":{"x":-0.5437161922454834,"y":-0.000755930901505053,"z":0.0004962411476299167,"w":-0.8393596410751343},"size":5.72191858291626,"orthographic":true}