{"cameraMode":{"drawMode":0,"name":"Shaded","section":"Shading Mode"},"sceneLighting":true,"audioPlay":false,"sceneViewState":{"m_AlwaysRefresh":false,"showFog":true,"showSkybox":true,"showFlares":true,"showImageEffects":true,"showParticleSystems":true,"showVisualEffectGraphs":true,"m_FxEnabled":true},"in2DMode":false,"pivot":{"x":-12.038840293884278,"y":1.9426878690719605,"z":-0.23529934883117677},"rotation":{"x":-0.22624751925468446,"y":-0.001318208291195333,"z":0.0013743352610617877,"w":-0.9750143885612488},"size":2.4056434631347658,"orthographic":true}