{"cameraMode":{"drawMode":0,"name":"Shaded","section":"Shading Mode"},"sceneLighting":true,"audioPlay":false,"sceneViewState":{"m_AlwaysRefresh":false,"showFog":true,"showSkybox":true,"showFlares":true,"showImageEffects":true,"showParticleSystems":true,"showVisualEffectGraphs":true,"m_FxEnabled":true},"in2DMode":false,"pivot":{"x":5.1772541999816898,"y":-0.747286319732666,"z":-0.19352108240127564},"rotation":{"x":-0.5233586430549622,"y":-0.010989867150783539,"z":0.006763186305761337,"w":-0.8520717620849609},"size":4.5674591064453129,"orthographic":false}