{"cameraMode":{"drawMode":0,"name":"Shaded","section":"Shading Mode"},"sceneLighting":true,"audioPlay":false,"sceneViewState":{"m_AlwaysRefresh":false,"showFog":true,"showSkybox":true,"showFlares":true,"showImageEffects":true,"showParticleSystems":true,"showVisualEffectGraphs":true,"m_FxEnabled":true},"in2DMode":false,"pivot":{"x":-15.261993408203125,"y":3.0303378105163576,"z":1.7171580791473389},"rotation":{"x":0.36391982436180117,"y":0.6021785140037537,"z":-0.35631951689720156,"w":0.6158391833305359},"size":3.8729615211486818,"orthographic":true}