{"cameraMode":{"drawMode":0,"name":"Shaded","section":"Shading Mode"},"sceneLighting":true,"audioPlay":false,"sceneViewState":{"m_AlwaysRefresh":false,"showFog":true,"showSkybox":true,"showFlares":true,"showImageEffects":true,"showParticleSystems":true,"showVisualEffectGraphs":true,"m_FxEnabled":true},"in2DMode":false,"pivot":{"x":0.5070269107818604,"y":5.1689558029174809,"z":1.9232650995254517},"rotation":{"x":0.40429478883743288,"y":0.5632292628288269,"z":-0.6200851202011108,"w":0.36725178360939028},"size":4.886870384216309,"orthographic":true}