{"cameraMode":{"drawMode":0,"name":"Shaded","section":"Shading Mode"},"sceneLighting":true,"audioPlay":false,"sceneViewState":{"m_AlwaysRefresh":false,"showFog":true,"showSkybox":true,"showFlares":true,"showImageEffects":true,"showParticleSystems":true,"showVisualEffectGraphs":true,"m_FxEnabled":true},"in2DMode":false,"pivot":{"x":-6.22596549987793,"y":5.3734893798828129,"z":-7.324679374694824},"rotation":{"x":-0.27414724230766299,"y":-0.00817897729575634,"z":0.0033018614631146194,"w":-0.9624211192131043},"size":3.326662302017212,"orthographic":true}