{"cameraMode":{"drawMode":0,"name":"Shaded","section":"Shading Mode"},"sceneLighting":true,"audioPlay":false,"sceneViewState":{"m_AlwaysRefresh":false,"showFog":true,"showSkybox":true,"showFlares":true,"showImageEffects":true,"showParticleSystems":true,"showVisualEffectGraphs":true,"m_FxEnabled":true},"in2DMode":false,"pivot":{"x":0.25441059470176699,"y":7.598517417907715,"z":-6.956070423126221},"rotation":{"x":-0.3775089979171753,"y":-0.027224302291870118,"z":0.012110762298107148,"w":-0.9263306260108948},"size":6.997997283935547,"orthographic":true}