{"cameraMode":{"drawMode":0,"name":"Shaded","section":"Shading Mode"},"sceneLighting":true,"audioPlay":false,"sceneViewState":{"m_AlwaysRefresh":false,"showFog":true,"showSkybox":true,"showFlares":true,"showImageEffects":true,"showParticleSystems":true,"showVisualEffectGraphs":true,"m_FxEnabled":true},"in2DMode":false,"pivot":{"x":0.04660975933074951,"y":0.41924452781677248,"z":-0.0498553104698658},"rotation":{"x":-0.1934010088443756,"y":0.6818325519561768,"z":-0.19444814324378968,"w":-0.6781627535820007},"size":0.8660253882408142,"orthographic":false}