{"cameraMode":{"drawMode":0,"name":"Shaded","section":"Shading Mode"},"sceneLighting":true,"audioPlay":false,"sceneViewState":{"m_AlwaysRefresh":false,"showFog":true,"showSkybox":true,"showFlares":true,"showImageEffects":true,"showParticleSystems":true,"showVisualEffectGraphs":true,"m_FxEnabled":true},"in2DMode":false,"pivot":{"x":-3.2386634349823,"y":-0.7322618961334229,"z":0.06990444660186768},"rotation":{"x":-0.5348623394966126,"y":0.001778546255081892,"z":-0.0011095245135948063,"w":-0.8450055718421936},"size":6.331176280975342,"orthographic":false}