{"cameraMode":{"drawMode":0,"name":"Shaded","section":"Shading Mode"},"sceneLighting":true,"audioPlay":false,"sceneViewState":{"m_AlwaysRefresh":false,"showFog":true,"showSkybox":true,"showFlares":true,"showImageEffects":true,"showParticleSystems":true,"showVisualEffectGraphs":true,"m_FxEnabled":true},"in2DMode":false,"pivot":{"x":34.85791015625,"y":0.5942044258117676,"z":1.7482693195343018},"rotation":{"x":0.000026009556677308865,"y":-1.000543236732483,"z":-0.0029916130006313326,"w":-0.003867577528581023},"size":0.8818233013153076,"orthographic":true}