{"cameraMode":{"drawMode":0,"name":"Shaded","section":"Shading Mode"},"sceneLighting":true,"audioPlay":false,"sceneViewState":{"m_AlwaysRefresh":false,"showFog":true,"showSkybox":true,"showFlares":true,"showImageEffects":true,"showParticleSystems":true,"showVisualEffectGraphs":true,"m_FxEnabled":true},"in2DMode":false,"pivot":{"x":4.131734848022461,"y":7.895533561706543,"z":-11.087625503540039},"rotation":{"x":-0.34816184639930727,"y":0.009617495350539685,"z":-0.0033518329728394748,"w":-0.937719464302063},"size":3.5499377250671388,"orthographic":true}