{"cameraMode":{"drawMode":0,"name":"Shaded","section":"Shading Mode"},"sceneLighting":true,"audioPlay":false,"sceneViewState":{"m_AlwaysRefresh":false,"showFog":true,"showSkybox":true,"showFlares":true,"showImageEffects":true,"showParticleSystems":true,"showVisualEffectGraphs":true,"m_FxEnabled":true},"in2DMode":false,"pivot":{"x":-9.930273056030274,"y":13.042076110839844,"z":-13.18079948425293},"rotation":{"x":-0.3900051414966583,"y":-0.0030146061908453705,"z":0.0013972733868286014,"w":-0.9211440086364746},"size":10.656709671020508,"orthographic":true}