{"cameraMode":{"drawMode":0,"name":"Shaded","section":"Shading Mode"},"sceneLighting":true,"audioPlay":false,"sceneViewState":{"m_AlwaysRefresh":false,"showFog":true,"showSkybox":true,"showFlares":true,"showImageEffects":true,"showParticleSystems":true,"showVisualEffectGraphs":true,"m_FxEnabled":true},"in2DMode":false,"pivot":{"x":-13.092004776000977,"y":2.8280558586120607,"z":2.562243700027466},"rotation":{"x":-0.2173314094543457,"y":-0.0032220061402767898,"z":0.0008138117846101522,"w":-0.9764278531074524},"size":5.490199089050293,"orthographic":true}