{"cameraMode":{"drawMode":0,"name":"Shaded","section":"Shading Mode"},"sceneLighting":true,"audioPlay":false,"sceneViewState":{"m_AlwaysRefresh":false,"showFog":true,"showSkybox":true,"showFlares":true,"showImageEffects":true,"showParticleSystems":true,"showVisualEffectGraphs":true,"m_FxEnabled":true},"in2DMode":false,"pivot":{"x":-9.572015762329102,"y":12.10269546508789,"z":-12.200986862182618},"rotation":{"x":-0.3775342106819153,"y":-0.0030333022587001325,"z":0.0013561865780502558,"w":-0.9263240098953247},"size":7.262894153594971,"orthographic":true}