{"cameraMode":{"drawMode":0,"name":"Shaded","section":"Shading Mode"},"sceneLighting":true,"audioPlay":false,"sceneViewState":{"m_AlwaysRefresh":false,"showFog":true,"showSkybox":true,"showFlares":true,"showImageEffects":true,"showParticleSystems":true,"showVisualEffectGraphs":true,"m_FxEnabled":true},"in2DMode":false,"pivot":{"x":9.154082298278809,"y":11.05626106262207,"z":-8.800886154174805},"rotation":{"x":0.44456303119659426,"y":0.010455537587404251,"z":-0.005311034619808197,"w":0.8961464166641235},"size":15.657862663269043,"orthographic":true}