{"cameraMode":{"drawMode":0,"name":"Shaded","section":"Shading Mode"},"sceneLighting":true,"audioPlay":false,"sceneViewState":{"m_AlwaysRefresh":false,"showFog":true,"showSkybox":true,"showFlares":true,"showImageEffects":true,"showParticleSystems":true,"showVisualEffectGraphs":true,"m_FxEnabled":true},"in2DMode":false,"pivot":{"x":7.300381183624268,"y":8.845459938049317,"z":-7.344042778015137},"rotation":{"x":0.33125242590904238,"y":-0.007354786619544029,"z":0.0025224534329026939,"w":0.943906843662262},"size":4.984084606170654,"orthographic":true}